{
    "weighted_f1_test": 0.8013999996048548,
    "accuracy_test": 0.8033707865168539
}