{
    "weighted_f1_test": 0.5071518963070905,
    "accuracy_test": 0.6460674157303371
}