{
    "weighted_f1_test": 0.6194917535890097,
    "accuracy_test": 0.6831460674157304
}