{
    "weighted_f1_test": 0.6655016541399235,
    "accuracy_test": 0.7078651685393258
}