{
    "weighted_f1_test": 0.6852840816568222,
    "accuracy_test": 0.7191011235955056
}