{
    "Survived": {
        "precision": 0.6460674157303371,
        "recall": 1.0,
        "f1-score": 0.7849829351535835,
        "support": 115
    },
    "Not survived": {
        "precision": 0.0,
        "recall": 0.0,
        "f1-score": 0.0,
        "support": 63
    },
    "accuracy": 0.6460674157303371,
    "macro avg": {
        "precision": 0.32303370786516855,
        "recall": 0.5,
        "f1-score": 0.39249146757679176,
        "support": 178
    },
    "weighted avg": {
        "precision": 0.41740310566847616,
        "recall": 0.6460674157303371,
        "f1-score": 0.5071518963070905,
        "support": 178
    }
}