{
    "Survived": {
        "precision": 0.7058823529411765,
        "recall": 0.9391304347826087,
        "f1-score": 0.8059701492537313,
        "support": 115
    },
    "Not survived": {
        "precision": 0.72,
        "recall": 0.2857142857142857,
        "f1-score": 0.409090909090909,
        "support": 63
    },
    "accuracy": 0.7078651685393258,
    "macro avg": {
        "precision": 0.7129411764705882,
        "recall": 0.6124223602484472,
        "f1-score": 0.6075305291723202,
        "support": 178
    },
    "weighted avg": {
        "precision": 0.7108790482485129,
        "recall": 0.7078651685393258,
        "f1-score": 0.6655016541399235,
        "support": 178
    }
}