{
    "Survived": {
        "precision": 0.8333333333333334,
        "recall": 0.8695652173913043,
        "f1-score": 0.851063829787234,
        "support": 115
    },
    "Not survived": {
        "precision": 0.7413793103448276,
        "recall": 0.6825396825396826,
        "f1-score": 0.7107438016528926,
        "support": 63
    },
    "accuracy": 0.8033707865168539,
    "macro avg": {
        "precision": 0.7873563218390804,
        "recall": 0.7760524499654935,
        "f1-score": 0.7809038157200634,
        "support": 178
    },
    "weighted avg": {
        "precision": 0.8007878083430197,
        "recall": 0.8033707865168539,
        "f1-score": 0.8013999996048548,
        "support": 178
    }
}