{
    "Survived": {
        "precision": 0.6708229426433915,
        "recall": 0.9676258992805755,
        "f1-score": 0.7923416789396172,
        "support": 278
    },
    "Not survived": {
        "precision": 0.7954545454545454,
        "recall": 0.20958083832335328,
        "f1-score": 0.33175355450236965,
        "support": 167
    },
    "accuracy": 0.6831460674157304,
    "macro avg": {
        "precision": 0.7331387440489685,
        "recall": 0.5886033688019644,
        "f1-score": 0.5620476167209933,
        "support": 445
    },
    "weighted avg": {
        "precision": 0.7175948025747684,
        "recall": 0.6831460674157304,
        "f1-score": 0.6194917535890097,
        "support": 445
    }
}