{
    "Survived": {
        "precision": 0.7181208053691275,
        "recall": 0.9304347826086956,
        "f1-score": 0.8106060606060606,
        "support": 115
    },
    "Not survived": {
        "precision": 0.7241379310344828,
        "recall": 0.3333333333333333,
        "f1-score": 0.45652173913043476,
        "support": 63
    },
    "accuracy": 0.7191011235955056,
    "macro avg": {
        "precision": 0.7211293682018052,
        "recall": 0.6318840579710144,
        "f1-score": 0.6335638998682477,
        "support": 178
    },
    "weighted avg": {
        "precision": 0.720250462205742,
        "recall": 0.7191011235955056,
        "f1-score": 0.6852840816568222,
        "support": 178
    }
}